Blog Name,Blog Category,Type,Blog Link,Feed Link,Feed Type,Last checked
Cybercrime Diaries,ALL,Analyst,https://www.cybercrimediaries.com/,https://www.cybercrimediaries.com/blog-feed.xml,RSS,9/2/2024
Analyst1,ALL,Vendor,https://analyst1.com/category/blog/,https://analyst1.com/category/blog/feed/,RSS,8/29/2024
eCrime.ch,ALL,Vendor,https://ecrime.ch/newsletter.php,https://ecrime.ch/app/intel-news.php?rss,RSS,8/22/2024
Group IB,ALL,Vendor,https://www.group-ib.com/blog/,https://blog.group-ib.com/rss.xml,RSS,8/16/2024
Google Threat Analysis Group,Threat Research,Vendor,https://blog.google/threat-analysis-group/,https://blog.google/threat-analysis-group/rss/,RSS,8/15/2024
Reddit,/r/blueteamsec/,Community,https://www.reddit.com/r/blueteamsec/,https://www.reddit.com/r/blueteamsec/.rss,ATOM,7/21/2024
Reddit,/r/InfoSecNews/,Community,https://www.reddit.com/r/InfoSecNews/,https://www.reddit.com/r/InfoSecNews/.rss,ATOM,7/21/2024
Cyberscoop,ALL,Media,https://cyberscoop.com/,https://cyberscoop.com/feed/,RSS,7/21/2024
Cyberscoop,Cyber Crime,Media,https://cyberscoop.com/news/threats/cybercrime/,https://cyberscoop.com/news/threats/cybercrime/feed,RSS,7/21/2024
Cyberscoop,Research,Media,https://cyberscoop.com/news/research/,https://cyberscoop.com/news/research/feed/,RSS,7/21/2024
Cyberscoop,Threats,Media,https://cyberscoop.com/news/threats/,https://cyberscoop.com/news/threats/feed/,RSS,7/21/2024
Tenable,ALL,Vendor,https://www.tenable.com/blog/,https://www.tenable.com/blog/feed,ATOM,7/21/2024
The Record,Cyber Crime,Vendor,https://therecord.media/news/cybercrime,https://therecord.media/news/cybercrime/feed/,RSS,7/21/2024
The Record,Elections,Vendor,https://therecord.media/news/elections,https://therecord.media/news/elections/feed/,RSS,7/21/2024
The Record,Leadership,Vendor,https://therecord.media/news/leadership,https://therecord.media/news/leadership/feed/,RSS,7/21/2024
The Record,Nation State,Vendor,https://therecord.media/news/nation-state,https://therecord.media/news/nation-state/feed/,RSS,7/21/2024
The Record,Technology,Vendor,https://therecord.media/news/technology,https://therecord.media/news/technology/feed/,RSS,7/21/2024
Threatmon,ALL,Vendor,https://threatmon.io/blog/,https://threatmon.io/blog/feed/,RSS,7/17/2024
GBHackers,ALL,Media,https://gbhackers.com/,https://gbhackers.com/feed/,RSS,6/24/2024
GBHackers,Data Breach,Media,https://gbhackers.com/category/data-breach/,https://gbhackers.com/category/data-breach/feed/,RSS,6/24/2024
GBHackers,Threats,Media,https://gbhackers.com/category/threatsattacks/,https://gbhackers.com/category/threatsattacks/feed/,RSS,6/24/2024
GBHackers,Vulnerabilities,Media,https://gbhackers.com/category/vulnerability-android-2/,https://gbhackers.com/category/vulnerability-android-2/feed/,RSS,6/24/2024
Hacker Combat,ALL,Media,https://www.hackercombat.com,https://www.hackercombat.com/feed/,RSS,6/24/2024
Hacker Combat,Hacks,Media,https://www.hackercombat.com/category/hacks/,https://www.hackercombat.com/category/hacks/feed/,RSS,6/24/2024
Hacker Combat,Malware,Media,https://www.hackercombat.com/category/malware-attacks/,https://www.hackercombat.com/category/malware-attacks/feed/,RSS,6/24/2024
Hacker Combat,Ransomware,Media,https://www.hackercombat.com/category/ransomware/,https://www.hackercombat.com/category/ransomware/feed/,RSS,6/24/2024
Security Boulevard,ALL,Media,https://securityboulevard.com/,https://securityboulevard.com/feed/,RSS,6/24/2024
The Security Ledger,ALL,Media,https://securityledger.com/,https://feeds.feedblitz.com/thesecurityledger&x=1,RSS,6/24/2024
McAfee Labs,Labs,Vendor,https://www.mcafee.com/blogs/other-blogs/mcafee-labs/,https://www.mcafee.com/blogs/other-blogs/mcafee-labs/feed/,RSS,6/24/2024
WIZ Cloud Threat Landscape,ALL,Vendor,https://threats.wiz.io/,https://fetchrss.com/rss/65b0eb775582bd1c19083c4365b0fdb664898a0daa63bef4.xml,RSS,4/21/2024
WIZ Blog,ALL,Vendor,https://www.wiz.io/blog,https://www.wiz.io/feed/rss.xml,RSS,4/9/2024
Outpost24,Research & Threat Intelligence,Vendor,https://outpost24.com/blog/category/research-and-threat-intel/,https://outpost24.com/blog/category/research-and-threat-intel/feed/,RSS,4/8/2024
RST Cloud,ALL,Vendor,https://medium.com/@rst_cloud,https://medium.com/@rst_cloud/feed,RSS,4/8/2024
TechCrunch,Security,Media,https://techcrunch.com/category/security/,https://techcrunch.com/category/security/feed/,RSS,4/4/2024
0xToxin,ALL,Analyst,https://0xtoxin.github.io/,https://0xtoxin.github.io/feed.xml,ATOM,4/3/2024
Alex Plaskett,ALL,Analyst,https://alexplaskett.github.io/,https://alexplaskett.github.io/feed,ATOM,4/3/2024
apps3c,ALL,Analyst,https://www.apps3c.info/blog/,https://www.apps3c.info/feed/,RSS,4/3/2024
bellingcat,ALL,Analyst,https://www.bellingcat.com/,https://www.bellingcat.com/feed/,RSS,4/3/2024
Blaze's Security Blog,ALL,Analyst,https://bartblaze.blogspot.com/,https://bartblaze.blogspot.com/feeds/posts/default,ATOM,4/3/2024
BushidoToken Threat Intel,ALL,Analyst,https://blog.bushidotoken.net/,https://blog.bushidotoken.net/feeds/posts/default,ATOM,4/3/2024
Connof McGarr,ALL,Analyst,https://connormcgarr.github.io/,https://connormcgarr.github.io/feed,ATOM,4/3/2024
Curated Intelligence,ALL,Analyst,https://www.curatedintel.org/,https://www.curatedintel.org/feeds/posts/default,ATOM,4/3/2024
Darknet,ALL,Analyst,http://www.darknet.org.uk/,http://www.darknet.org.uk/feed/,RSS,4/3/2024
Jossef Harush Kadouri,ALL,Analyst,https://medium.com/@jossef,https://medium.com/@jossef/feed,RSS,4/3/2024
Krebs on Security,ALL,Analyst,https://krebsonsecurity.com/,http://krebsonsecurity.com/feed/,RSS,4/3/2024
Lohrmann on Cybersecurity,ALL,Analyst,https://www.govtech.com/blogs/lohrmann-on-cybersecurity,http://feeds.feedburner.com/govtech/blogs/lohrmann_on_infrastructure,RSS,4/3/2024
Low-level adventures,ALL,Analyst,https://0x434b.dev/,https://0x434b.dev/rss/,RSS,4/3/2024
maxwelldulin,ALL,Analyst,https://maxwelldulin.com/Blog,https://maxwelldulin.invades.space/resources-rss.xml,RSS,4/3/2024
n1ght-w0lf,ALL,Analyst,https://n1ght-w0lf.github.io/,https://n1ght-w0lf.github.io/feed,ATOM,4/3/2024
nao_sec,ALL,Analyst,https://nao-sec.org/,https://nao-sec.org/feed,ATOM,4/3/2024
Outflux,ALL,Analyst,https://outflux.net/blog/,https://outflux.net/blog/feed/,RSS,4/3/2024
Schneier on Security,ALL,Analyst,https://www.schneier.com/,https://www.schneier.com/blog/atom.xml,ATOM,4/3/2024
sebdraven,ALL,Analyst,https://sebdraven.medium.com/,https://sebdraven.medium.com/feed,RSS,4/3/2024
"taha aka ""lordx64""",ALL,Analyst,https://lordx64.medium.com/,https://lordx64.medium.com/feed,RSS,4/3/2024
The DFIR Report,ALL,Analyst,https://thedfirreport.com/,https://thedfirreport.com/feed/,RSS,4/3/2024
Troy Hunt,ALL,Analyst,https://www.troyhunt.com,https://www.troyhunt.com/rss/,RSS,4/3/2024
Troy Hunt,Scam,Analyst,https://www.troyhunt.com/tag/scam/,https://www.troyhunt.com/tag/scam/rss/,RSS,4/3/2024
Troy Hunt,Security,Analyst,https://www.troyhunt.com/tag/security/,https://www.troyhunt.com/tag/security/rss/,RSS,4/3/2024
Will's Root,ALL,Analyst,https://www.willsroot.io/,https://www.willsroot.io/feeds/posts/default,ATOM,4/3/2024
ISC Handler's Diary,ALL,Community,https://isc.sans.edu/diary,https://isc.sans.edu/rssfeed_full.xml,RSS,4/3/2024
Reddit,/r/cybersecurity,Community,https://www.reddit.com/r/cybersecurity/,https://www.reddit.com/r/cybersecurity/.rss,ATOM,4/3/2024
Reddit,/r/netsec,Community,http://www.reddit.com/r/netsec/,http://www.reddit.com/r/netsec/.rss,ATOM,4/3/2024
Zero Day Initiative,Blog,Community,https://www.zerodayinitiative.com/blog,https://www.zerodayinitiative.com/blog/?format=rss,ATOM,4/3/2024
Zero Day Initiative,Published Advisories,Community,https://www.zerodayinitiative.com/advisories/published/,https://www.zerodayinitiative.com/rss/published/,ATOM,4/3/2024
Zero Day Initiative,Upcoming Advisories,Community,https://www.zerodayinitiative.com/advisories/upcoming/,https://www.zerodayinitiative.com/rss/upcoming/,ATOM,4/3/2024
Center for Internet Security,ICS Advisories,Government,https://www.cisa.gov/about/contact-us/subscribe-updates-cisa,https://www.cisa.gov/cybersecurity-advisories/ics-advisories.xml,RSS,4/3/2024
Center for Internet Security,Medical Advisories,Government,https://www.cisa.gov/about/contact-us/subscribe-updates-cisa,https://www.cisa.gov/cybersecurity-advisories/ics-medical-advisories.xml,RSS,4/3/2024
NCSC (UK),News,Government,https://www.ncsc.gov.uk/information/rss-feeds,https://www.ncsc.gov.uk/api/1/services/v1/news-rss-feed.xml,RSS,4/3/2024
NCSC (UK),Reports,Government,https://www.ncsc.gov.uk/information/rss-feeds,https://www.ncsc.gov.uk/api/1/services/v1/report-rss-feed.xml,RSS,4/3/2024
US-Cert National Cyber Awareness System,Alerts,Government,https://us-cert.cisa.gov/ncas/alerts,https://us-cert.cisa.gov/ncas/alerts.xml,RSS,4/3/2024
US-Cert National Cyber Awareness System,Analysis Reports,Government,https://us-cert.cisa.gov/ncas/analysis-reports,https://us-cert.cisa.gov/ncas/analysis-reports.xml,RSS,4/3/2024
US-Cert National Cyber Awareness System,Current Activity,Government,https://us-cert.cisa.gov/ncas/current-activity,https://us-cert.cisa.gov/ncas/current-activity.xml,RSS,4/3/2024
Ars Technica,Security,Media,https://arstechnica.com/tag/security/,https://arstechnica.com/tag/security/feed/,RSS,4/3/2024
BleepingComputer,ALL,Media,https://www.bleepingcomputer.com/,https://www.bleepingcomputer.com/feed/,RSS,4/3/2024
CIO Magazine,Security,Media,https://www.cio.com/security/,https://www.cio.com/security/feed/,RSS,4/3/2024
Cyber Security News,ALL,Media,https://cybersecuritynews.com/,https://cybersecuritynews.com/feed/,RSS,4/3/2024
Cyber Security News,Cyber AI,Media,https://cybersecuritynews.com/category/cyber-ai/,https://cybersecuritynews.com/category/cyber-ai/feed/,RSS,4/3/2024
Cyber Security News,Cyber Attack,Media,https://cybersecuritynews.com/category/cyber-attack/,https://cybersecuritynews.com/category/cyber-attack/feed/,RSS,4/3/2024
Cyber Security News,Data Breaches,Media,https://cybersecuritynews.com/category/data-breaches/,https://cybersecuritynews.com/category/data-breaches/feed/,RSS,4/3/2024
Cyber Security News,Threats,Media,https://cybersecuritynews.com/category/threats/,https://cybersecuritynews.com/category/threats/feed/,RSS,4/3/2024
Cyber Security News,Vulnerability,Media,https://cybersecuritynews.com/category/vulnerability/,https://cybersecuritynews.com/category/vulnerability/feed/,RSS,4/3/2024
Cyber Security News,Zero-Day,Media,https://cybersecuritynews.com/category/zero-day/,https://cybersecuritynews.com/category/zero-day/feed/,RSS,4/3/2024
Dark Reading,ALL,Media,https://www.darkreading.com/,https://www.darkreading.com/rss.xml,RSS,4/3/2024
Graham Cluley,ALL,Media,https://www.grahamcluley.com/,https://www.grahamcluley.com/feed/,RSS,4/3/2024
Graham Cluley,Data Loss,Media,https://grahamcluley.com/category/data-loss/,https://grahamcluley.com/category/data-loss/feed/,RSS,4/3/2024
Graham Cluley,Law & Order,Media,https://grahamcluley.com/category/law-order/,https://grahamcluley.com/category/law-order/feed,RSS,4/3/2024
Graham Cluley,Malware,Media,https://grahamcluley.com/category/security-threats/malware/,https://grahamcluley.com/category/security-threats/malware/feed/,RSS,4/3/2024
Graham Cluley,Mobile,Media,https://grahamcluley.com/category/mobile/,https://grahamcluley.com/category/mobile/feed/,RSS,4/3/2024
Graham Cluley,Privacy,Media,https://grahamcluley.com/category/privacy/,https://grahamcluley.com/category/privacy/feed/,RSS,4/3/2024
Graham Cluley,Ransomware,Media,https://grahamcluley.com/category/security-threats/ransomware-malware/,https://grahamcluley.com/category/security-threats/ransomware-malware/feed/,RSS,4/3/2024
Graham Cluley,Spam,Media,https://grahamcluley.com/category/spam/,https://grahamcluley.com/category/spam/feed/,RSS,4/3/2024
HACKMAGEDDON,ALL,Media,http://www.hackmageddon.com/,https://www.hackmageddon.com/feed/,RSS,4/3/2024
HackRead,ALL,Media,https://www.hackread.com/,https://www.hackread.com/feed/,RSS,4/3/2024
Infosecurity Magazine,ALL,Media,https://www.infosecurity-magazine.com/news,http://www.infosecurity-magazine.com/rss/news/,RSS,4/3/2024
Security Affairs,ALL,Media,http://securityaffairs.co,https://securityaffairs.co/feed,RSS,4/3/2024
Security Online,ALL,Media,https://securityonline.info,https://securityonline.info/feed/,RSS,4/3/2024
SecurityWeek,ALL,Media,https://www.securityweek.com/,https://www.securityweek.com/feed/,RSS,4/3/2024
TechRepublic,Security,Media,https://www.techrepublic.com/topic/security/,http://www.techrepublic.com/rssfeeds/topic/security/?feedType=rssfeeds,RSS,4/3/2024
The Cyber Express,ALL,Media,https://thecyberexpress.com/firewall-daily/,https://thecyberexpress.com/firewall-daily/feed/,RSS,4/3/2024
The Cyber Express,Dark Web News,Media,https://thecyberexpress.com/firewall-daily/dark-web-news/,https://thecyberexpress.com/firewall-daily/dark-web-news/feed/,RSS,4/3/2024
The Cyber Express,Data Breaches News,Media,https://thecyberexpress.com/firewall-daily/data-breaches-news/,https://thecyberexpress.com/firewall-daily/data-breaches-news/feed/,RSS,4/3/2024
The Cyber Express,Hacker News,Media,https://thecyberexpress.com/firewall-daily/hacker-news/,https://thecyberexpress.com/firewall-daily/hacker-news/feed/,RSS,4/3/2024
The Cyber Express,Ransomware News,Media,https://thecyberexpress.com/firewall-daily/ransomware-news/,https://thecyberexpress.com/firewall-daily/ransomware-news/feed/,RSS,4/3/2024
The Cyber Express,Vulnerabilities,Media,https://thecyberexpress.com/firewall-daily/vulnerabilities/,https://thecyberexpress.com/firewall-daily/vulnerabilities/feed/,RSS,4/3/2024
The Cyber Wire,ALL,Media,https://thecyberwire.com/,https://thecyberwire.com/feeds/rss.xml,RSS,4/3/2024
The Guardian,Data and computer security,Media,https://www.theguardian.com/technology/data-computer-security,https://www.theguardian.com/technology/data-computer-security/rss,RSS,4/3/2024
The Hacker News,ALL,Media,https://thehackernews.com/,https://feeds.feedburner.com/TheHackersNews,RSS,4/3/2024
Threatpost,ALL,Media,https://threatpost.com/,https://threatpost.com/feed/,RSS,4/3/2024
Threatpost,Malware,Media,https://threatpost.com/category/malware-2/,https://threatpost.com/category/malware-2/feed/,RSS,4/3/2024
Threatpost,Vulnerabilities,Media,https://threatpost.com/category/vulnerabilities/,https://threatpost.com/category/vulnerabilities/feed/,RSS,4/3/2024
Vice,Motherboard Tech,Media,https://www.vice.com/en_us/section/tech,https://www.vice.com/en_us/rss/section/tech,RSS,4/3/2024
WIRED,Security,Media,https://www.wired.com/category/security/,https://www.wired.com/feed/category/security/latest/rss,RSS,4/3/2024
ZDNet,Security,Media,https://www.zdnet.com/topic/security/,https://www.zdnet.com/topic/security/rss.xml,RSS,4/3/2024
360 CERT,ALL,Vendor,https://cert.360.cn/,https://cert.360.cn/feed,RSS,4/3/2024
AhnLab Security Intelligence Center,ALL,Vendor,https://asec.ahnlab.com/en/,https://asec.ahnlab.com/en/feed/,RSS,4/3/2024
AhnLab Security Intelligence Center,Detection,Vendor,https://asec.ahnlab.com/en/category/detection-en/,https://asec.ahnlab.com/en/category/detection-en/feed/,RSS,4/3/2024
AhnLab Security Intelligence Center,Malware,Vendor,https://asec.ahnlab.com/en/category/malware-information-en/,https://asec.ahnlab.com/en/category/malware-information-en/feed/,RSS,4/3/2024
ANY.RUN,History,Vendor,https://any.run/cybersecurity-blog/category/history/,https://any.run/cybersecurity-blog/category/history/feed/,RSS,4/3/2024
ANY.RUN,Malware Analysis,Vendor,https://any.run/cybersecurity-blog/category/malware-analysis/,https://any.run/cybersecurity-blog/category/malware-analysis/feed/,RSS,4/3/2024
AT&T Cybersecurity,Alienvault research,Vendor,https://cybersecurity.att.com/blogs/labs-research,https://cybersecurity.att.com/site/blog-all-rss,RSS,4/3/2024
Bitdefender Labs,ALL,Vendor,https://www.bitdefender.com/blog/labs/,https://www.bitdefender.com/blog/api/rss/labs/,RSS,4/3/2024
Black Hills,Blue Team,Vendor,https://www.blackhillsinfosec.com/category/blue-team/,https://www.blackhillsinfosec.com/category/blue-team/feed/,RSS,4/3/2024
BRANDEFENSE Blog,ALL,Vendor,https://brandefense.io/blog/,https://brandefense.io/blog/rss/,RSS,4/3/2024
Broadcom Symantec blogs,Threat Intelligence,Vendor,https://symantec-enterprise-blogs.security.com/blogs/threat-intelligence,https://sed-cms.broadcom.com/rss/v1/blogs/rss.xml,RSS,4/3/2024
Cado Security,ALL,Vendor,https://www.cadosecurity.com/blog/,https://www.cadosecurity.com/feed/,RSS,4/3/2024
Checkmarx,ALL,Vendor,https://medium.com/checkmarx-security,https://medium.com/feed/checkmarx-security,RSS,4/3/2024
Checkpoint,ALL,Vendor,https://research.checkpoint.com/,https://research.checkpoint.com/feed/,RSS,4/3/2024
Cisco Talos Intelligence Group,ALL,Vendor,https://blog.talosintelligence.com/,http://feeds.feedburner.com/feedburner/Talos,RSS,4/3/2024
Cloudflare,Security Blog,Vendor,https://blog.cloudflare.com/tag/security/,https://blog.cloudflare.com/tag/security/rss,RSS,4/3/2024
Cofense Intelligence,Lab Notes,Vendor,https://cofense.com/blog/category/lab-notes/,https://cofense.com/blog/category/lab-notes/feed/,RSS,4/3/2024
Cofense Intelligence,Phishing Email Insights,Vendor,https://cofense.com/blog/category/phishing-email-insights/,https://cofense.com/blog/category/phishing-email-insights/feed/,RSS,4/3/2024
Cofense Intelligence,Threat Intelligence Insights,Vendor,https://cofense.com/blog/category/threat-intelligence-insights/,https://cofense.com/blog/category/threat-intelligence-insights/feed/,RSS,4/3/2024
Crowdstrike,Threat Research,Vendor,https://www.crowdstrike.com/blog/category/threat-intel-research/,https://www.crowdstrike.com/blog/category/threat-intel-research/feed,RSS,4/3/2024
Cyble,ALL,Vendor,https://cyble.com/blog/,https://cyble.com/blog/feed/,RSS,4/3/2024
Dell SecureWorks,Research & Intelligence,Vendor,https://www.secureworks.com/blog/subject/research-intelligence,https://www.secureworks.com/rss?feed=blog&category=research-intelligence,RSS,4/3/2024
Doctor Web,Mobile Threats,Vendor,https://news.drweb.com/all/?c=38,https://news.drweb.com/rss/get/?c=38,RSS,4/3/2024
Doctor Web,Real-time Threat News,Vendor,https://news.drweb.com/list/?c=23,https://news.drweb.com/rss/get/?c=23,RSS,4/3/2024
Doctor Web,Virus Reviews,Vendor,https://news.drweb.com/all/?c=10,https://news.drweb.com/rss/get/?c=10,RSS,4/3/2024
DomainTools,ALL,Vendor,https://www.domaintools.com/resources/blog,https://www.domaintools.com/resources/blog/feed/,RSS,4/3/2024
EclecticIQ,ALL,Vendor,https://blog.eclecticiq.com/,https://blog.eclecticiq.com/rss.xml,RSS,4/3/2024
Fortinet,Threat Research,Vendor,https://www.fortinet.com/blog/threat-research,https://feeds.fortinet.com/fortinet/blog/threat-research&x=1,RSS,4/3/2024
Fox-IT International blog,ALL,Vendor,https://blog.fox-it.com,https://blog.fox-it.com/feed/,RSS,4/3/2024
GitHub Security Lab Archives,ALL,Vendor,https://github.blog/tag/github-security-lab/,https://github.blog/tag/github-security-lab/feed/,ATOM,4/3/2024
Google Online Security,ALL,Vendor,https://security.googleblog.com/,http://feeds.feedburner.com/GoogleOnlineSecurityBlog,ATOM,4/3/2024
Google Project Zero,ALL,Vendor,https://googleprojectzero.blogspot.com/,https://googleprojectzero.blogspot.com/feeds/posts/default,ATOM,4/3/2024
HackerOne,ALL,Vendor,https://www.hackerone.com/blog,https://www.hackerone.com/blog.rss,RSS,4/3/2024
Heimdal,Threat Center,Vendor,https://heimdalsecurity.com/blog/category/threat-center/,https://heimdalsecurity.com/blog/category/threat-center/feed/,RSS,4/3/2024
Heimdal,Vulnerability,Vendor,https://heimdalsecurity.com/blog/category/vulnerability/,https://heimdalsecurity.com/blog/category/vulnerability/feed/,RSS,4/3/2024
IBM Security Intelligence,ALL,Vendor,https://securityintelligence.com/,https://securityintelligence.com/feed/,RSS,4/3/2024
Infoblox,Cyber Threat Intelligence,Vendor,https://blogs.infoblox.com/category/cyber-threat-intelligence/,https://blogs.infoblox.com/category/cyber-threat-intelligence/feed/,RSS,4/3/2024
Intezer,Research,Vendor,https://intezer.com/blog/research,https://intezer.com/blog/research/feed/,RSS,4/3/2024
Malwarebytes Labs,ALL,Vendor,https://blog.malwarebytes.com/,https://blog.malwarebytes.com/feed/,RSS,4/3/2024
Mandiant All Blog Listing,ALL,Vendor,https://www.mandiant.com/resources/blog/,https://www.mandiant.com/resources/blog/rss.xml,RSS,4/3/2024
Microsoft Security Blog,ALL,Vendor,https://www.microsoft.com/security/blog/,https://www.microsoft.com/security/blog/feed/,RSS,4/3/2024
Microsoft Security Response Center,ALL,Vendor,https://msrc-blog.microsoft.com/,https://msrc-blog.microsoft.com/feed/report/list/?feed_uuid=3d89d939-f28f-459d-8313-6268c9955fc7,RSS,4/3/2024
Morphisec Breach Prevention Blog,ALL,Vendor,https://blog.morphisec.com/,https://blog.morphisec.com/rss.xml,RSS,4/3/2024
Naked Security (Sophos),ALL,Vendor,https://nakedsecurity.sophos.com/,https://nakedsecurity.sophos.com/feed/,RSS,4/3/2024
PaloAlto Networks Unit 42,ALL,Vendor,https://unit42.paloaltonetworks.com/,http://feeds.feedburner.com/Unit42,RSS,4/3/2024
Proofpoint,ALL,Vendor,https://www.proofpoint.com/uk/blog,https://www.proofpoint.com/us/rss.xml,RSS,4/3/2024
Pulsedive,ALL,Vendor,https://blog.pulsedive.com/,https://blog.pulsedive.com/rss/,RSS,4/3/2024
Qualys Blog,Threat Research,Vendor,https://blog.qualys.com/vulnerabilities-threat-research,https://blog.qualys.com/vulnerabilities-threat-research/feed,RSS,4/3/2024
Quick Heal Antivirus,Threat Research,Vendor,https://blogs.quickheal.com/author/threat-research-labs/,https://blogs.quickheal.com/author/threat-research-labs/feed/,RSS,4/3/2024
Recorded Future,ALL,Vendor,https://www.recordedfuture.com/,https://www.recordedfuture.com/feed,RSS,4/3/2024
Reliaquest,Threat Hunting,Vendor,https://www.reliaquest.com/blog/category/threat-hunting/,https://www.reliaquest.com/blog/category/threat-hunting/feed/,RSS,4/3/2024
Reliaquest,Threat Intelligence,Vendor,https://www.reliaquest.com/blog/category/threat-intelligence/,https://www.reliaquest.com/blog/category/threat-intelligence/feed/,RSS,4/3/2024
SecureList by Kaspersky,ALL,Vendor,https://securelist.com/,https://securelist.com/feed/,RSS,4/3/2024
Security Lit,ALL,Vendor,https://securitylit.medium.com/,https://securitylit.medium.com/feed,RSS,4/3/2024
SensePost by Orange Cyberdefense,ALL,Vendor,https://sensepost.com/blog,https://sensepost.com/rss.xml,RSS,4/3/2024
SentinelOne,ALL,Vendor,https://www.sentinelone.com/blog/,https://www.sentinelone.com/blog/feed/,RSS,4/3/2024
SentinelOne Labs,ALL,Vendor,https://www.sentinelone.com/labs/,https://www.sentinelone.com/labs/feed/,RSS,4/3/2024
seqrite,ALL,Vendor,https://www.seqrite.com/blog/,https://www.seqrite.com/blog/feed/,RSS,4/3/2024
Sequoia,Threat Intel Research,Vendor,https://blog.sekoia.io/category/research-threat-intelligence/,https://blog.sekoia.io/category/research-threat-intelligence/feed/,RSS,4/3/2024
SOC Prime,ALL,Vendor,https://socprime.com/blog/,https://socprime.com/blog/feed/,RSS,4/3/2024
Sophos,Threat Research,Vendor,https://news.sophos.com/en-us/category/threat-research/,https://news.sophos.com/en-us/category/threat-research/feed/,RSS,4/3/2024
SpecterOps Blog,ALL,Vendor,https://posts.specterops.io/,https://posts.specterops.io/feed,RSS,4/3/2024
Team Cymru,ALL,Vendor,https://www.team-cymru.com/blog,https://www.team-cymru.com/blog-feed.xml,RSS,4/3/2024
The Record,ALL,Vendor,https://therecord.media/,https://therecord.media/feed/,RSS,4/3/2024
Trustwave SpiderLabs Blog,ALL,Vendor,https://www.trustwave.com/en-us/resources/blogs/spiderlabs-blog,https://www.trustwave.com/en-us/resources/blogs/spiderlabs-blog/rss.xml,RSS,4/3/2024
UpGuard Blog,Breaches,Vendor,https://www.upguard.com/breaches,https://www.upguard.com/breaches/rss.xml,RSS,4/3/2024
UpGuard Blog,News,Vendor,https://www.upguard.com/news,https://www.upguard.com/news/rss.xml,RSS,4/3/2024
VirusTotal Blog,ALL,Vendor,https://blog.virustotal.com/,https://blog.virustotal.com/feeds/posts/default,ATOM,4/3/2024
Volexity,ALL,Vendor,https://www.volexity.com/blog/,https://www.volexity.com/blog/feed/,RSS,4/3/2024
We Live Security by ESET,ALL,Vendor,https://www.welivesecurity.com/en/about-eset-research,https://www.welivesecurity.com/en/rss/feed/,RSS,4/3/2024
Zimperium,Threat Research,Vendor,https://www.zimperium.com/blog-category/threat-research/,https://www.zimperium.com/blog-category/threat-research/feed/,RSS,4/3/2024
